actual_qty,bind_qty,rts_qty,action_dist,head_action_dist,tail_action_dist,acc_rate,rts_rate
3400153,2546733,62355,"{1.5: 3531820, 2.3: 684032, 1.4: 119596, 2.1: 41561, 2.5: 34628, 1.3: 23094, 3.0: 18046, 1.1: 17058, 2.0: 14594, 1.6: 11706, 2.8: 1110, 1.7: 834, 1.2: 785, 2.2: 622, 2.6: 340, 1.8: 174}","{2.3: 365606, 1.5: 35181, 2.5: 34250, 2.1: 27124, 3.0: 16876, 1.1: 10094, 1.4: 9132, 1.3: 8453, 1.6: 7097, 2.0: 5990, 2.8: 1077, 2.2: 363, 2.6: 298, 1.7: 126, 1.2: 89, 1.8: 19}","{1.5: 3496639, 2.3: 318426, 1.4: 110464, 1.3: 14641, 2.1: 14437, 2.0: 8604, 1.1: 6964, 1.6: 4609, 3.0: 1170, 1.7: 708, 1.2: 696, 2.5: 378, 2.2: 259, 1.8: 155, 2.6: 42, 2.8: 33}",0.7490054124035007,0.024484309898210765
